{"accuracy": 0.9332451434310771, "time_trained": 5500.774377346039}