{"accuracy": 0.9050488719041669, "time_trained": 7886.552590847015}